{"cameraMode":{"drawMode":0,"name":"Shaded","section":"Shading Mode"},"sceneLighting":true,"audioPlay":false,"sceneViewState":{"showFog":true,"showMaterialUpdate":false,"showSkybox":true,"showFlares":true,"showImageEffects":true,"showParticleSystems":true},"in2DMode":false,"pivot":{"x":398.19873046875,"y":-210.85047912597657,"z":1119.338623046875},"rotation":{"x":-0.20714297890663148,"y":-0.039056528359651569,"z":0.00815375242382288,"w":-0.9775324463844299},"size":17.30508804321289,"orthographic":false}